Player ID,Name,goals_scored,assists,minutes,goals_conceded,creativity,influence,threat,ict_index,clean_sheets,red_cards,yellow_cards,cost,Position,Team,Power ranking,Saves
1,Granit Xhaka,7,8,2992,35,673.3,647,498,182,13,0,4,48,MID,Arsenal,94.6,
2,Mohamed Elneny,0,0,111,2,5.4,4.6,0,1.1,0,0,0,41,MID,Arsenal,94.6,
3,Rob Holding,1,0,562,13,10.3,152,54,21.6,0,0,0,42,DEF,Arsenal,94.6,
4,Thomas Partey,3,0,2480,28,439.6,513.2,240,119.5,11,0,5,47,MID,Arsenal,94.6,
5,Martin Ødegaard,15,8,3132,38,1100.4,960,920,298.3,13,0,4,69,MID,Arsenal,94.6,
6,Kieran Tierney,0,1,774,10,85.5,144,67,29.9,1,0,0,46,DEF,Arsenal,94.6,
7,Nicolas Pépé,0,0,0,0,0,0,0,0,0,0,0,53,MID,Arsenal,94.6,
8,Benjamin White,2,5,3054,35,491.2,649,159,130,15,0,5,50,DEF,Arsenal,94.6,
9,Eddie Nketiah,4,2,1071,16,128.2,213.4,598,93.1,2,0,3,63,FWD,Arsenal,94.6,
10,Emile Smith Rowe,0,2,161,5,64.3,36.6,39,13.8,0,0,0,56,MID,Arsenal,94.6,
11,Bukayo Saka,14,12,3183,42,1091.8,972.2,1164,322.8,12,0,6,80,MID,Arsenal,94.6,
12,Takehiro Tomiyasu,0,1,651,11,86.6,137,55,27.7,2,0,2,42,DEF,Arsenal,94.6,
13,Aaron Ramsdale,0,0,3420,43,0,761.4,0,76.2,14,0,1,48,GK,Arsenal,94.6,94
14,Gabriel dos Santos Magalhães,3,0,3409,43,129.7,733.8,401,126.5,14,0,5,52,DEF,Arsenal,94.6,
15,Nuno Varela Tavares,0,0,0,0,0,0,0,0,0,0,0,45,DEF,Arsenal,94.6,
16,Gabriel Martinelli Silva,15,9,2789,33,838.1,844.2,1300,298.1,14,0,3,65,MID,Arsenal,94.6,
17,Pablo Marí Villar,0,0,0,0,0,0,0,0,0,0,0,45,DEF,Arsenal,94.6,
18,Lucas Torreira di Pascua,0,0,0,0,0,0,0,0,0,0,0,45,MID,Arsenal,94.6,
19,Reiss Nelson,3,3,202,3,99.2,169.8,155,42.4,1,0,0,47,MID,Arsenal,94.6,
20,Matt Turner,0,0,0,0,0,0,0,0,0,0,0,38,GK,Arsenal,94.6,0
21,Fábio Ferreira Vieira,1,2,500,5,180.1,115.2,123,41.4,2,0,0,56,MID,Arsenal,94.6,
22,William Saliba,2,1,2415,25,100.8,529,114,74.5,12,0,4,49,DEF,Arsenal,94.6,
23,Marcus Oliveira Alencar,0,0,1,0,0.2,0,0,0,0,0,0,46,MID,Arsenal,94.6,
24,Gabriel Fernando de Jesus,11,7,2064,23,407.3,594.2,1282,228.3,9,0,6,81,FWD,Arsenal,94.6,
25,Leandro Trossard,8,13,2237,38,687.1,620,859,216.6,8,0,1,66,MID,Arsenal,94.6,
26,Jorge Luiz Frello Filho,2,2,2127,23,254.1,386.4,97,73.9,9,0,4,57,MID,Arsenal,94.6,
27,Oleksandr Zinchenko,1,2,2122,28,387.7,405,190,98.3,10,0,3,50,DEF,Arsenal,94.6,
28,Matthew Smith,0,0,0,0,0,0,0,0,0,0,0,44,MID,Arsenal,94.6,
29,Ethan Nwaneri,0,0,1,0,0,0,0,0,0,0,0,45,MID,Arsenal,94.6,
30,Lino Sousa,0,0,0,0,0,0,0,0,0,0,0,40,DEF,Arsenal,94.6,
31,Karl Hein,0,0,0,0,0,0,0,0,0,0,0,39,GK,Arsenal,94.6,0
32,Amario Cozier-Duberry,0,0,0,0,0,0,0,0,0,0,0,45,MID,Arsenal,94.6,
33,Nathan Butler-Oyedeji,0,0,0,0,0,0,0,0,0,0,0,45,FWD,Arsenal,94.6,
34,Jakub Kiwior,1,0,425,6,4.1,53.6,4,6.3,2,0,0,40,DEF,Arsenal,94.6,
35,Reuell Walters,0,0,0,0,0,0,0,0,0,0,0,40,DEF,Arsenal,94.6,
36,Mauro Bandeira,0,0,0,0,0,0,0,0,0,0,0,45,MID,Arsenal,94.6,
37,Philippe Coutinho Correia,1,0,777,9,152.5,119.2,218,48.8,3,0,3,66,MID,Aston Villa,90.3,
38,Emiliano Martínez Romero,0,0,3139,38,23,813,0,83.5,11,0,7,50,GK,Aston Villa,90.3,97
39,Calum Chambers,0,0,345,4,29.8,74.4,8,11.1,0,0,2,42,DEF,Aston Villa,90.3,
40,Lucas Digne,1,0,1492,25,293.3,271.4,92,65.8,3,0,5,45,DEF,Aston Villa,90.3,
41,Bertrand Traoré,2,0,226,1,30.7,82,79,19,1,0,1,49,MID,Aston Villa,90.3,
42,Robin Olsen,0,0,280,8,0,83.2,0,8.2,1,0,0,39,GK,Aston Villa,90.3,11
43,Morgan Sanson,0,0,10,1,0.5,4.2,0,0.4,0,0,0,43,MID,Aston Villa,90.3,
44,John McGinn,1,5,2692,31,349.2,375,326,105.1,10,0,7,51,MID,Aston Villa,90.3,
45,Kortney Hause,0,0,0,0,0,0,0,0,0,0,0,44,DEF,Aston Villa,90.3,
46,Tyrone Mings,1,3,3150,40,87.7,657.2,121,87,12,0,7,47,DEF,Aston Villa,90.3,
47,Ollie Watkins,15,8,3129,40,408.5,792,1268,247,13,0,4,73,FWD,Aston Villa,90.3,
48,Marvelous Nakamba,0,0,0,0,0,0,0,0,0,0,0,43,MID,Aston Villa,90.3,
49,Emiliano Buendía Stati,5,3,2404,34,546.3,438.2,580,156.6,11,0,0,57,MID,Aston Villa,90.3,
50,Matty Cash,0,2,1817,29,178,298.4,67,54.4,4,0,4,46,DEF,Aston Villa,90.3,
51,Ezri Konsa Ngoyo,0,0,3322,45,116.1,560.4,72,74.9,12,0,6,44,DEF,Aston Villa,90.3,
52,Leon Bailey,4,5,1964,32,439.1,334.2,532,130.1,8,0,4,43,MID,Aston Villa,90.3,
53,Douglas Luiz Soares de Paulo,6,7,2922,35,655.4,661.6,242,155.8,13,1,6,48,MID,Aston Villa,90.3,
54,Jacob Ramsey,6,8,2634,33,496.7,607.2,424,152.8,11,0,5,51,MID,Aston Villa,90.3,
55,Tim Iroegbunam,0,0,0,0,0,0,0,0,0,0,0,45,MID,Aston Villa,90.3,
56,Diego Carlos Santos Silva,0,0,205,3,13.2,24.8,32,7,0,0,0,47,DEF,Aston Villa,90.3,
57,Anwar El Ghazi,0,0,0,0,0,0,0,0,0,0,0,48,MID,Aston Villa,90.3,
58,Keinan Davis,0,0,0,0,0,0,0,0,0,0,0,54,FWD,Aston Villa,90.3,
59,Boubacar Kamara,0,1,1773,30,123.4,275.8,39,43.9,3,0,4,48,MID,Aston Villa,90.3,
60,Cameron Archer,0,0,43,1,2.4,1.8,6,0.9,0,0,0,42,FWD,Aston Villa,90.3,
61,Jaden Philogene-Bidace,0,0,0,0,0,0,0,0,0,0,0,45,MID,Aston Villa,90.3,
62,Frédéric Guilbert,0,0,0,0,0,0,0,0,0,0,0,39,DEF,Aston Villa,90.3,
63,Leander Dendoncker,0,0,897,14,96.1,143.4,64,30.6,4,0,0,47,MID,Aston Villa,90.3,
64,Ludwig Augustinsson,0,0,76,0,1.9,5.6,35,4.2,0,0,1,43,DEF,Aston Villa,90.3,
65,Kaine Kesler Hayden,0,0,0,0,0,0,0,0,0,0,0,40,DEF,Aston Villa,90.3,
66,Ashley Young,1,0,2031,28,223.4,380.2,81,68.7,9,0,7,43,DEF,Aston Villa,90.3,
67,Lamare Bogarde,0,0,0,0,0,0,0,0,0,0,0,40,DEF,Aston Villa,90.3,
68,Filip Marschall,0,0,0,0,0,0,0,0,0,0,0,40,GK,Aston Villa,90.3,0
69,Kadan Young,0,0,0,0,0,0,0,0,0,0,0,45,MID,Aston Villa,90.3,
70,Alexandre Moreno Lopera,0,3,1325,10,321.1,254.4,151,72.3,7,0,3,45,DEF,Aston Villa,90.3,
71,Viljami Sinisalo,0,0,0,0,0,0,0,0,0,0,0,40,GK,Aston Villa,90.3,0
72,Jhon Durán,0,0,126,4,13.4,12.8,51,7.4,0,0,1,55,FWD,Aston Villa,90.3,
73,Sil Swinkels,0,0,0,0,0,0,0,0,0,0,0,40,DEF,Aston Villa,90.3,
74,Oliwier Zych,0,0,0,0,0,0,0,0,0,0,0,40,GK,Aston Villa,90.3,0
75,James Wright,0,0,0,0,0,0,0,0,0,0,0,40,GK,Aston Villa,90.3,0
76,Sebastian Revan,0,0,0,0,0,0,0,0,0,0,0,40,DEF,Aston Villa,90.3,
77,Travis Patterson,0,0,0,0,0,0,0,0,0,0,0,45,MID,Aston Villa,90.3,
78,Tommi O'Reilly,0,0,0,0,0,0,0,0,0,0,0,45,MID,Aston Villa,90.3,
79,Adam Smith,0,1,2940,58,261.6,406.2,88,75.7,7,0,11,43,DEF,Bournemouth,85.1,
80,Junior Stanislas,0,0,58,1,22.9,10,7,3.9,0,0,0,48,MID,Bournemouth,85.1,
81,Ryan Fredericks,0,0,527,11,26.7,66,12,10.6,0,0,1,44,DEF,Bournemouth,85.1,
82,David Brooks,0,0,170,4,16.4,13.6,31,6,0,0,1,53,MID,Bournemouth,85.1,
83,Jamal Lowe,0,0,11,0,0.3,0.2,0,0.1,0,0,0,52,MID,Bournemouth,85.1,
84,Kieffer Moore,4,0,1269,34,89.6,216.2,272,57.3,3,0,1,49,FWD,Bournemouth,85.1,
85,Emiliano Marcondes,0,0,8,1,0,1.2,0,0.1,0,0,0,47,MID,Bournemouth,85.1,
86,Jefferson Lerma Solís,5,0,3252,67,293.6,616.6,311,122.1,7,0,7,47,MID,Bournemouth,85.1,
87,Jack Stacey,0,0,293,10,8.6,44.2,8,6,0,0,2,42,DEF,Bournemouth,85.1,
88,Dominic Solanke,6,10,2865,52,279.9,524.8,1046,184.4,8,0,2,56,FWD,Bournemouth,85.1,
89,Lewis Cook,0,2,1712,39,352.5,313,45,71.2,3,0,4,49,MID,Bournemouth,85.1,
90,Ben Pearson,0,0,282,10,6.4,21,9,3.7,1,0,1,44,MID,Bournemouth,85.1,
91,Ryan Christie,1,2,1825,35,421.7,282,400,110.5,3,0,2,53,MID,Bournemouth,85.1,
92,Philip Billing,7,2,2766,54,388.8,622,441,145.2,9,0,5,50,MID,Bournemouth,85.1,
93,Chris Mepham,0,0,2197,52,54.4,556.4,134,74.4,5,0,7,43,DEF,Bournemouth,85.1,
94,Mark Travers,0,0,1035,32,0,253,0,25.4,2,0,0,41,GK,Bournemouth,85.1,36
95,Lloyd Kelly,0,2,2040,38,97.7,394,26,52.1,5,0,3,43,DEF,Bournemouth,85.1,
96,Siriki Dembélé,0,0,104,2,52.3,31.8,28,11.3,0,0,0,47,MID,Bournemouth,85.1,
97,Jaidon Anthony,3,1,1241,29,209.1,299.4,263,77.2,2,0,2,52,MID,Bournemouth,85.1,
98,Jordan Zemura,0,1,1452,31,232.8,269.4,71,57.1,5,0,1,42,DEF,Bournemouth,85.1,
99,Will Dennis,0,0,0,0,0,0,0,0,0,0,0,39,GK,Bournemouth,85.1,0
100,Jack Stephens,0,0,1218,24,57.3,270,51,38,4,0,3,43,DEF,Bournemouth,85.1,
101,Joe Rothwell,0,1,1010,15,153.3,127.4,27,30.6,3,0,1,49,MID,Bournemouth,85.1,
102,Marcus Tavernier,5,4,1740,37,348.4,459.8,436,124.2,5,0,1,47,MID,Bournemouth,85.1,
103,James Hill,0,0,0,0,0,0,0,0,0,0,0,44,DEF,Bournemouth,85.1,
104,Darren Randolph,0,0,0,0,0,0,0,0,0,0,0,40,GK,Bournemouth,85.1,0
105,Norberto Murara Neto,0,0,2385,39,0,727.6,0,72.8,6,0,4,45,GK,Bournemouth,85.1,100
106,Marcos Senesi,2,0,2489,55,78.7,586,109,77.5,5,0,7,44,DEF,Bournemouth,85.1,
107,Christian Saydee,0,0,0,0,0,0,0,0,0,0,0,45,FWD,Bournemouth,85.1,
108,Owen Bevan,0,0,8,1,0,0.2,0,0,0,0,0,40,DEF,Bournemouth,85.1,
109,Cameron Plain,0,0,0,0,0,0,0,0,0,0,0,40,GK,Bournemouth,85.1,0
110,Daniel Adu-Adjei,0,0,0,0,0,0,0,0,0,0,0,45,FWD,Bournemouth,85.1,
111,Michael Dacosta Gonzalez,0,0,0,0,0,0,0,0,0,0,0,44,MID,Bournemouth,85.1,
112,Dominic Sadi,0,0,0,0,0,0,0,0,0,0,0,45,FWD,Bournemouth,85.1,
113,Dango Ouattara,1,3,1239,23,261,276.8,274,81,1,0,1,50,MID,Bournemouth,85.1,
114,Euan Pollock,0,0,0,0,0,0,0,0,0,0,0,45,FWD,Bournemouth,85.1,
115,Antoine Semenyo,1,0,250,6,26.5,50,32,10.7,0,0,0,50,FWD,Bournemouth,85.1,
116,Matías Viña,2,0,452,10,28.1,156.4,92,27.7,1,0,1,45,DEF,Bournemouth,85.1,
117,Illia Zabarnyi,0,0,297,5,0.9,41.2,0,4.1,0,0,0,45,DEF,Bournemouth,85.1,
118,Hamed Traorè,0,0,425,8,218.5,84,36,33.8,2,0,0,45,MID,Bournemouth,85.1,
119,Ben Greenwood,0,0,0,0,0,0,0,0,0,0,0,40,DEF,Bournemouth,85.1,
120,Max Kinsey-Wellings,0,0,0,0,0,0,0,0,0,0,0,40,DEF,Bournemouth,85.1,
121,Pontus Jansson,1,0,722,14,2.5,176.2,53,23.4,2,0,0,42,DEF,Brentford,85.4,
122,Christian Nørgaard,1,6,1763,23,173.7,379.2,269,82.3,6,0,6,53,MID,Brentford,85.4,
123,Ivan Toney,20,4,2953,42,424.3,926.8,1240,258.7,10,0,9,71,FWD,Brentford,85.4,
124,David Raya Martin,0,0,3420,46,20.1,1125.4,4,115.2,12,0,1,48,GK,Brentford,85.4,154
125,Sergi Canós Tenés,0,0,73,2,13.5,7,6,2.8,0,0,0,50,DEF,Brentford,85.4,
126,Josh Dasilva,4,2,1371,17,206.1,304.2,182,69.2,5,0,1,41,MID,Brentford,85.4,
127,Kristoffer Ajer,0,0,763,14,24.7,96.8,27,15.1,4,0,0,45,DEF,Brentford,85.4,
128,Rico Henry,0,3,3240,46,401.9,444.4,197,104.5,11,0,4,44,DEF,Brentford,85.4,
129,Vitaly Janelt,3,1,2201,28,246.1,411.2,223,88.1,8,0,3,55,MID,Brentford,85.4,
130,Saman Ghoddos,0,0,124,5,62.8,27.2,21,11.1,0,0,0,48,MID,Brentford,85.4,
131,Mathias Jensen,5,7,2805,40,787.9,644,208,164.1,10,0,5,48,MID,Brentford,85.4,
132,Yoane Wissa,7,4,1587,17,184.5,363.8,414,95.5,7,0,3,53,MID,Brentford,85.4,
133,Mads Roerslev Rasmussen,0,0,1101,12,120.6,167.6,46,33.4,5,0,0,43,DEF,Brentford,85.4,
134,Mads Bech Sørensen,0,0,18,0,0.2,2.6,0,0.2,0,0,0,45,DEF,Brentford,85.4,
135,Ethan Pinnock,3,0,2700,34,104.9,751.6,279,113.8,10,0,0,44,DEF,Brentford,85.4,
136,Frank Onyeka,0,3,837,11,89.9,125.8,106,32.3,3,0,0,48,MID,Brentford,85.4,
137,Shandon Baptiste,0,2,600,6,144.5,107.8,54,30.7,1,1,1,45,MID,Brentford,85.4,
138,Bryan Mbeumo,9,9,2905,39,766.3,662.4,866,229.3,10,0,5,57,FWD,Brentford,85.4,
139,Charlie Goode,0,0,0,0,0,0,0,0,0,0,0,39,DEF,Brentford,85.4,
140,Marcus Forss,0,0,0,0,0,0,0,0,0,0,0,45,FWD,Brentford,85.4,
141,Dominic Thompson,0,0,0,0,0,0,0,0,0,0,0,40,DEF,Brentford,85.4,
142,Mads Bidstrup,0,0,0,0,0,0,0,0,0,0,0,45,MID,Brentford,85.4,
143,Ellery Balcombe,0,0,0,0,0,0,0,0,0,0,0,40,GK,Brentford,85.4,0
144,Aaron Hickey,0,3,1918,30,119.8,223.6,98,44.2,5,0,7,49,DEF,Brentford,85.4,
145,Keane Lewis-Potter,0,1,313,4,64,42,114,21.9,0,0,0,52,MID,Brentford,85.4,
146,Thomas Strakosha,0,0,0,0,0,0,0,0,0,0,0,43,GK,Brentford,85.4,0
147,Ben Mee,3,2,3269,40,92,761.4,307,116.3,12,0,2,48,DEF,Brentford,85.4,
148,Fin Stevens,0,0,0,0,0,0,0,0,0,0,0,40,DEF,Brentford,85.4,
149,Halil Dervişoğlu,0,1,6,0,0,0,10,1,0,0,0,45,FWD,Brentford,85.4,
150,Mikkel Damsgaard,0,0,970,14,161,137.4,146,44.5,3,0,4,50,MID,Brentford,85.4,
151,Mathias Jorgensen,0,1,1097,15,18.2,189.8,45,25.6,4,0,2,39,DEF,Brentford,85.4,
152,Ryan Trevitt,0,0,0,0,0,0,0,0,0,0,0,44,MID,Brentford,85.4,
153,Matthew Cox,0,0,0,0,0,0,0,0,0,0,0,39,GK,Brentford,85.4,0
154,Tristan Crama,0,0,0,0,0,0,0,0,0,0,0,40,DEF,Brentford,85.4,
155,Yegor Yarmolyuk,0,0,0,0,0,0,0,0,0,0,0,45,MID,Brentford,85.4,
156,Kevin Schade,0,1,723,7,110.4,72.2,205,38.7,3,0,2,49,MID,Brentford,85.4,
157,Michael Olakigbe,0,0,0,0,0,0,0,0,0,0,0,45,MID,Brentford,85.4,
158,Adam Lallana,2,1,717,10,186.7,144.2,152,48.5,5,0,0,48,MID,Brighton,87.9,
159,Jason Steele,0,1,1350,23,13,347.6,0,36.1,6,0,1,40,GK,Brighton,87.9,36
160,Danny Welbeck,6,5,1844,28,390.6,378.2,782,155.4,6,0,0,65,FWD,Brighton,87.9,
161,Pascal Groß,9,8,3240,51,1215.4,888.4,578,268.6,11,0,7,54,MID,Brighton,87.9,
162,Lewis Dunk,1,1,3240,50,163.6,661.4,198,102.4,12,0,4,48,DEF,Brighton,87.9,
163,Solly March,6,10,2719,40,965.8,791.8,955,271.4,10,0,2,52,MID,Brighton,87.9,
164,Adam Webster,0,0,1983,27,104,354,126,58.4,9,0,2,45,DEF,Brighton,87.9,
165,Joël Veltman,1,1,2183,29,200.8,406.2,162,77.2,10,0,6,46,DEF,Brighton,87.9,
166,Robert Sánchez,0,0,2070,30,0.1,439,0,43.9,6,0,2,44,GK,Brighton,87.9,46
167,Tariq Lamptey,0,0,439,7,87.2,70.6,48,20.6,1,0,1,42,DEF,Brighton,87.9,
168,Steven Alzate,0,0,0,0,0,0,0,0,0,0,0,44,MID,Brighton,87.9,
169,Alexis Mac Allister,10,2,2882,45,729.6,741,706,217.8,10,0,8,56,MID,Brighton,87.9,
170,Jakub Moder,0,0,0,0,0,0,0,0,0,0,0,44,MID,Brighton,87.9,
171,Enock Mwepu,0,1,209,4,39,48.8,34,12.2,0,0,0,53,MID,Brighton,87.9,
172,Jeremy Sarmiento Morante,0,2,168,2,38.2,46.6,50,12.9,1,0,1,45,MID,Brighton,87.9,
173,Moisés Caicedo Corozo,1,1,3138,47,668.6,582.2,210,146.3,10,0,10,50,MID,Brighton,87.9,
174,Taylor Richards,0,0,0,0,0,0,0,0,0,0,0,45,MID,Brighton,87.9,
175,Haydon Roberts,0,0,0,0,0,0,0,0,0,0,0,40,DEF,Brighton,87.9,
176,Deniz Undav,5,2,614,9,105.7,157.6,333,59.5,2,0,2,50,FWD,Brighton,87.9,
177,Kaoru Mitoma,7,9,2311,35,567.6,566.8,857,198.9,8,0,0,57,MID,Brighton,87.9,
178,Julio Enciso,4,3,794,12,161,255.8,370,78.5,4,0,1,46,FWD,Brighton,87.9,
179,Kacper Kozłowski,0,0,0,0,0,0,0,0,0,0,0,45,MID,Brighton,87.9,
180,Billy Gilmour,0,1,502,8,56.5,67.6,33,15.8,2,0,1,42,MID,Brighton,87.9,
181,Kjell Scherpen,0,0,0,0,0,0,0,0,0,0,0,40,GK,Brighton,87.9,0
182,Matt Clarke,0,0,0,0,0,0,0,0,0,0,0,40,DEF,Brighton,87.9,
183,Jan Paul van Hecke,0,0,291,7,5.5,62.8,10,7.9,0,0,2,40,DEF,Brighton,87.9,
184,Levi Colwill,0,2,1218,21,100.7,222,50,37.4,3,0,1,44,DEF,Brighton,87.9,
185,Pervis Estupiñán,1,7,2674,43,752.9,570.2,295,161.3,10,0,4,50,DEF,Brighton,87.9,
186,Evan Ferguson,6,2,942,12,129.1,284.2,350,76.5,6,0,1,46,FWD,Brighton,87.9,
187,Ed Turns,0,0,0,0,0,0,0,0,0,0,0,40,DEF,Brighton,87.9,
188,Andrew Moran,0,0,11,1,0,0,0,0,0,0,0,45,MID,Brighton,87.9,
189,James Furlong,0,0,0,0,0,0,0,0,0,0,0,40,DEF,Brighton,87.9,
190,Jack Hinshelwood,0,0,1,0,0,0,0,0,0,0,0,45,MID,Brighton,87.9,
191,Facundo Buonanotte,1,1,558,12,96.1,87.8,102,27.8,1,0,2,45,MID,Brighton,87.9,
192,Yasin Ayari,0,0,65,2,25.3,5.4,3,3.3,0,0,0,45,MID,Brighton,87.9,
193,Odeluga Offiah,0,0,23,3,1.5,6.2,0,0.8,0,0,0,40,DEF,Brighton,87.9,
194,Tom McGill,0,0,0,0,0,0,0,0,0,0,0,40,GK,Brighton,87.9,0
195,Cameron Peupion,0,0,5,2,0.3,0,5,0.5,0,0,0,45,MID,Brighton,87.9,
196,Imari Samuels,0,0,0,0,0,0,0,0,0,0,0,40,DEF,Brighton,87.9,
197,Carney Chukwuemeka,0,0,342,7,69.7,57.6,72,19.9,1,0,0,42,MID,Chelsea,89,
198,Marc Cucurella Saseta,0,2,1669,20,232.5,354.4,72,65.9,6,0,4,49,DEF,Chelsea,89,
199,César Azpilicueta,0,0,1521,21,206.7,259.2,93,55.8,3,0,3,47,DEF,Chelsea,89,
200,Thiago Emiliano da Silva,0,2,2351,32,86.1,657.2,137,88,6,0,2,54,DEF,Chelsea,89,
201,Marcos Alonso,0,0,0,0,0,0,0,0,0,0,0,53,DEF,Chelsea,89,
202,Ross Barkley,0,0,0,0,0,0,0,0,0,0,0,49,MID,Chelsea,89,
203,Mateo Kovacic,1,2,1699,25,363.8,294.2,114,77.5,4,0,8,49,MID,Chelsea,89,
204,Kepa Arrizabalaga,0,0,2565,33,0.1,706.2,0,70.6,9,0,1,45,GK,Chelsea,89,90
205,N'Golo Kanté,0,1,517,7,186.9,107,58,35.2,2,0,1,48,MID,Chelsea,89,
206,Hakim Ziyech,0,3,649,7,230.9,155.4,113,49,2,0,1,55,MID,Chelsea,89,
207,Ruben Loftus-Cheek,0,1,1530,23,234.8,206.6,173,61.6,5,0,1,50,MID,Chelsea,89,
208,Timo Werner,0,0,0,0,0,0,0,0,0,0,0,79,FWD,Chelsea,89,
209,Robert Kenedy Nunes do Nascimento,0,0,0,0,0,0,0,0,0,0,0,39,DEF,Chelsea,89,
210,Ben Chilwell,2,3,1402,19,382.6,283.4,178,84.2,4,0,3,56,DEF,Chelsea,89,
211,Christian Pulisic,1,1,805,11,166.7,117.2,210,49.1,3,0,1,56,MID,Chelsea,89,
212,Trevoh Chalobah,0,0,1601,24,93.5,283.6,108,48.7,5,0,4,44,DEF,Chelsea,89,
213,Mason Mount,3,4,1644,21,463.1,331.4,376,117.2,8,0,4,72,MID,Chelsea,89,
214,Malang Sarr,0,0,0,0,0,0,0,0,0,0,0,50,DEF,Chelsea,89,
215,Callum Hudson-Odoi,0,0,0,0,0,0,0,0,0,0,0,53,MID,Chelsea,89,
216,Kai Havertz,7,1,2565,31,513.3,470.2,1012,199.3,9,0,5,74,FWD,Chelsea,89,
217,Reece James,1,2,1242,17,358.2,292.2,153,80.4,2,0,4,58,DEF,Chelsea,89,
218,Edouard Mendy,0,0,855,14,0,200.4,0,20.2,1,0,1,48,GK,Chelsea,89,25
219,Conor Gallagher,3,1,1608,23,343.5,379.8,321,104.3,4,1,9,56,MID,Chelsea,89,
220,Armando Broja,1,1,285,5,18.2,64.6,113,19.7,1,0,0,52,FWD,Chelsea,89,
221,Ethan Ampadu,0,0,0,0,0,0,0,0,0,0,0,44,DEF,Chelsea,89,
222,Wesley Fofana,1,0,1362,24,59,289.2,86,43.8,2,0,4,43,DEF,Chelsea,89,
223,Raheem Sterling,6,4,1886,27,479.8,388.2,603,146.8,5,0,4,97,MID,Chelsea,89,
224,Kalidou Koulibaly,2,1,1798,22,104.1,497.4,141,74.5,6,1,5,55,DEF,Chelsea,89,
225,Harvey Vale,0,0,0,0,0,0,0,0,0,0,0,45,MID,Chelsea,89,
226,Denis Zakaria,0,0,409,5,22.6,44.6,24,9.2,2,0,0,49,MID,Chelsea,89,
227,Pierre-Emerick Aubameyang,1,0,546,8,59.4,55,177,28.5,1,0,1,84,FWD,Chelsea,89,
228,Marcus Bettinelli,0,0,0,0,0,0,0,0,0,0,0,40,GK,Chelsea,89,0
229,Omari Hutchinson,0,0,22,0,1.8,1,4,0.7,0,0,0,42,MID,Chelsea,89,
230,Lewis Hall,0,0,653,11,174.3,113.2,119,40.7,1,0,1,43,MID,Chelsea,89,
231,Bashir Humphreys,0,0,0,0,0,0,0,0,0,0,0,45,DEF,Chelsea,89,
232,David Datro Fofana,0,0,68,1,34.6,15.2,30,8,0,0,0,50,FWD,Chelsea,89,
233,Benoît Badiashile,1,0,904,9,49.1,219.8,81,35.1,4,0,2,50,DEF,Chelsea,89,
234,João Félix Sequeira,4,0,936,16,135.2,203.6,287,61.9,2,1,1,71,FWD,Chelsea,89,
235,Mykhailo Mudryk,0,2,650,10,146.4,100.8,140,38.2,0,0,1,64,MID,Chelsea,89,
236,Andrey Nascimento dos Santos,0,0,0,0,0,0,0,0,0,0,0,45,MID,Chelsea,89,
237,Noni Madueke,1,0,639,13,131.9,130.8,182,44.6,0,0,0,54,MID,Chelsea,89,
238,Enzo Fernández,0,2,1547,25,307.3,298.2,64,67.1,3,0,3,50,MID,Chelsea,89,
239,Ethan Wady,0,0,0,0,0,0,0,0,0,0,0,40,GK,Chelsea,89,0
240,Alfie Gilchrist,0,0,0,0,0,0,0,0,0,0,0,40,DEF,Chelsea,89,
241,Albert Sambi Lokonga,0,0,728,8,57.2,98.4,20,17.6,2,0,2,43,MID,Crystal Palace,84.4,
242,Vicente Guaita,0,0,2430,34,0,668.4,0,66.8,6,0,1,44,GK,Crystal Palace,84.4,84
243,James Tomkins,1,0,335,10,1.1,90,54,14.6,0,1,1,39,DEF,Crystal Palace,84.4,
244,James McArthur,0,0,50,0,1.7,6.8,0,0.9,0,0,0,48,MID,Crystal Palace,84.4,
245,Christian Benteke,0,0,0,0,0,0,0,0,0,0,0,55,FWD,Crystal Palace,84.4,
246,Joel Ward,1,0,2253,35,164.3,436.2,114,71.6,8,0,6,44,DEF,Crystal Palace,84.4,
247,Nathaniel Clyne,0,0,1638,23,124.9,203.6,8,33.6,3,0,3,45,DEF,Crystal Palace,84.4,
248,Luka Milivojevic,0,0,500,7,43.6,69.2,17,12.7,2,0,2,42,MID,Crystal Palace,84.4,
249,Jordan Ayew,4,3,2708,41,465.5,490.8,429,138.7,8,0,5,52,MID,Crystal Palace,84.4,
250,Wilfried Zaha,7,2,2289,34,384.8,465.4,848,169.4,5,0,5,72,MID,Crystal Palace,84.4,
251,Jeffrey Schlupp,3,2,2528,38,257.6,404.6,314,97.9,9,0,7,47,MID,Crystal Palace,84.4,
252,Will Hughes,1,1,822,11,102.1,153.2,57,31,1,0,4,48,MID,Crystal Palace,84.4,
253,Jairo Riedewald,0,0,60,0,2.6,9.8,4,1.5,0,0,0,42,MID,Crystal Palace,84.4,
254,Joachim Andersen,1,0,2782,37,146.3,641.8,273,106.4,8,0,8,45,DEF,Crystal Palace,84.4,
255,Odsonne Edouard,5,2,1788,25,227.7,351.6,544,111.5,5,0,3,50,FWD,Crystal Palace,84.4,
256,Marc Guéhi,1,0,3330,46,142.7,688.2,205,103.9,9,0,8,45,DEF,Crystal Palace,84.4,
257,Jean-Philippe Mateta,2,0,748,10,67.1,115.8,240,41,3,0,3,51,FWD,Crystal Palace,84.4,
258,Eberechi Eze,10,5,2631,35,800.4,692.8,597,208.9,9,0,3,57,MID,Crystal Palace,84.4,
259,Tyrick Mitchell,0,2,2889,40,234,470.4,135,84.3,8,1,5,44,DEF,Crystal Palace,84.4,
260,Michael Olise,2,11,2743,38,1014.6,606.6,462,208.8,8,0,2,53,MID,Crystal Palace,84.4,
261,Jesurun Rak-Sakyi,0,0,0,0,0,0,0,0,0,0,0,45,MID,Crystal Palace,84.4,
262,Malcolm Ebiowei,0,0,31,1,0.9,3.4,4,0.9,0,0,0,42,MID,Crystal Palace,84.4,
263,Nathan Ferguson,0,0,0,0,0,0,0,0,0,0,0,39,DEF,Crystal Palace,84.4,
264,Sam Johnstone,0,0,810,10,0,155,0,15.6,3,0,1,44,GK,Crystal Palace,84.4,25
265,Remi Matthews,0,0,0,0,0,0,0,0,0,0,0,40,GK,Crystal Palace,84.4,0
266,Luke Plange,0,0,0,0,0,0,0,0,0,0,0,45,FWD,Crystal Palace,84.4,
267,Cheick Doucouré,0,3,2770,41,345.8,471.4,157,97.6,7,1,8,50,MID,Crystal Palace,84.4,
268,Chris Richards,0,0,443,11,15.3,92.4,26,13.2,1,0,0,44,DEF,Crystal Palace,84.4,
269,Joseph Whitworth,0,0,180,5,0,41.8,0,4.2,0,0,0,40,GK,Crystal Palace,84.4,0
270,Kaden Rodney,0,0,0,0,0,0,0,0,0,0,0,45,MID,Crystal Palace,84.4,
271,Killian Phillips,0,0,0,0,0,0,0,0,0,0,0,45,MID,Crystal Palace,84.4,
272,John-Kymani Gordon,0,0,0,0,0,0,0,0,0,0,0,45,FWD,Crystal Palace,84.4,
273,Kofi Balmer,0,0,0,0,0,0,0,0,0,0,0,40,DEF,Crystal Palace,84.4,
274,Owen Goodman,0,0,0,0,0,0,0,0,0,0,0,40,GK,Crystal Palace,84.4,0
275,Jack Wells-Morrison,0,0,0,0,0,0,0,0,0,0,0,45,MID,Crystal Palace,84.4,
276,David Ozoh,0,0,1,0,0.8,0,0,0.1,0,0,0,45,MID,Crystal Palace,84.4,
277,Naouirou Ahamada,0,0,87,2,13.2,7.4,14,3,0,0,1,45,MID,Crystal Palace,84.4,
278,Tayo Adaramola,0,0,0,0,0,0,0,0,0,0,0,40,DEF,Crystal Palace,84.4,
279,Neal Maupay,1,0,1104,19,109.9,85.8,429,62.2,3,0,4,56,FWD,Everton,84.2,
280,Asmir Begović,0,0,90,0,0,36,0,3.6,1,0,0,38,GK,Everton,84.2,4
281,Salomón Rondón,0,0,103,2,26.1,7.4,41,7.3,0,0,0,49,FWD,Everton,84.2,
282,Seamus Coleman,1,0,1654,25,108.7,297.8,95,50.4,5,0,1,41,DEF,Everton,84.2,
283,Andros Townsend,0,0,0,0,0,0,0,0,0,0,0,54,MID,Everton,84.2,
284,Michael Keane,1,2,983,22,42.6,242.6,131,41.7,2,0,0,42,DEF,Everton,84.2,
285,Dele Alli,0,0,38,1,2.2,0.6,6,0.9,0,0,0,53,MID,Everton,84.2,
286,Jordan Pickford,0,1,3330,57,23,991.2,0,101.3,8,0,6,44,GK,Everton,84.2,123
287,Allan Marques Loureiro,0,0,0,0,0,0,0,0,0,0,0,48,MID,Everton,84.2,
288,André Tavares Gomes,0,0,0,0,0,0,0,0,0,0,0,45,MID,Everton,84.2,
289,Abdoulaye Doucouré,5,2,1527,27,261.2,315.8,229,80.3,4,1,6,53,MID,Everton,84.2,
290,Alex Iwobi,2,8,3379,56,917.7,682.4,366,196.7,9,0,2,49,MID,Everton,84.2,
291,Jean-Philippe Gbamin,0,0,0,0,0,0,0,0,0,0,0,45,MID,Everton,84.2,
292,Yerry Mina,2,0,594,9,17.7,176.8,134,33,1,0,2,43,DEF,Everton,84.2,
293,Demarai Gray,4,1,2501,39,605.2,410.4,670,168.5,7,0,3,51,MID,Everton,84.2,
294,Tom Davies,0,0,524,9,46.2,50.4,98,19.3,1,0,3,49,MID,Everton,84.2,
295,Dominic Calvert-Lewin,2,1,1166,22,122.4,138.4,409,66.4,4,0,3,79,FWD,Everton,84.2,
296,Mason Holgate,0,0,506,9,71.9,90.4,55,21.5,2,1,1,42,DEF,Everton,84.2,
297,Ben Godfrey,0,1,801,18,42.3,146.8,46,23.6,1,0,2,43,DEF,Everton,84.2,
298,Vitalii Mykolenko,0,1,2653,46,307,504.8,120,93.4,7,0,4,41,DEF,Everton,84.2,
299,Jarrad Branthwaite,0,0,0,0,0,0,0,0,0,0,0,40,DEF,Everton,84.2,
300,Nathan Patterson,0,0,1274,22,111.9,231.4,108,45.3,2,0,3,39,DEF,Everton,84.2,
301,Niels Nkounkou,0,0,0,0,0,0,0,0,0,0,0,40,DEF,Everton,84.2,
302,James Tarkowski,1,1,3420,57,184.7,1019.6,435,164.2,9,0,6,41,DEF,Everton,84.2,
303,Conor Coady,1,1,2094,28,59.5,392.6,88,54,7,0,2,47,DEF,Everton,84.2,
304,Rúben Nascimento Vinagre,0,0,24,0,1.4,7.6,0,0.9,0,0,0,43,DEF,Everton,84.2,
305,Dwight McNeil,7,5,2490,46,726.6,699.4,462,189.2,5,0,5,52,MID,Everton,84.2,
306,Stanley Mills,0,0,0,0,0,0,0,0,0,0,0,43,MID,Everton,84.2,
307,Lewis Warrington,0,0,0,0,0,0,0,0,0,0,0,44,MID,Everton,84.2,
308,James Garner,0,1,796,13,114.6,90.4,57,26.5,2,0,3,45,MID,Everton,84.2,
309,Amadou Onana,1,3,2486,37,295.1,347.2,280,92,9,0,9,47,MID,Everton,84.2,
310,Reece Welch,0,0,0,0,0,0,0,0,0,0,0,40,DEF,Everton,84.2,
311,Idrissa Gueye,0,1,2577,45,193.7,399.2,61,65.3,8,0,7,47,MID,Everton,84.2,
312,Eldin Jakupovic,0,0,0,0,0,0,0,0,0,0,0,40,GK,Everton,84.2,0
313,Kyle John,0,0,0,0,0,0,0,0,0,0,0,39,DEF,Everton,84.2,
314,Thomas Cannon,0,0,23,1,11.6,5,21,3.8,0,0,0,45,FWD,Everton,84.2,
315,Isaac Price,0,0,32,0,15.6,9.6,0,2.5,0,0,1,45,MID,Everton,84.2,
316,Ellis Simms,1,0,219,4,39.3,40.8,54,13,0,0,0,45,FWD,Everton,84.2,
317,Ishé Samuels-Smith,0,0,0,0,0,0,0,0,0,0,0,40,DEF,Everton,84.2,
318,Andy Lonergan,0,0,0,0,0,0,0,0,0,0,0,40,GK,Everton,84.2,0
319,Sean McAllister,0,0,0,0,0,0,0,0,0,0,0,45,MID,Everton,84.2,
320,Cédric Alves Soares,0,0,223,3,51.4,56.4,10,11.9,0,0,0,42,DEF,Fulham,86.2,
321,Bernd Leno,0,0,3240,51,10,1115.8,0,112.7,8,0,3,46,GK,Fulham,86.2,142
322,Shane Duffy,0,0,17,4,0.2,0.2,7,0.2,0,0,0,42,DEF,Fulham,86.2,
323,Tom Cairney,2,1,968,13,228.2,189.2,204,62.4,1,0,2,47,MID,Fulham,86.2,
324,Tim Ream,1,0,2898,44,65.2,604.2,76,74.8,8,0,2,45,DEF,Fulham,86.2,
325,Anthony Knockaert,0,0,0,0,0,0,0,0,0,0,0,47,MID,Fulham,86.2,
326,Nathaniel Chalobah,0,0,11,4,0.6,4.6,17,2.3,0,1,0,44,MID,Fulham,86.2,
327,Neeskens Kebano,0,4,758,10,179.7,119.6,112,41.5,3,0,0,54,MID,Fulham,86.2,
328,Bobby De Cordova-Reid,4,1,2473,40,326.6,365.2,508,119.7,8,0,8,54,MID,Fulham,86.2,
329,Joe Bryan,0,0,0,0,0,0,0,0,0,0,0,44,DEF,Fulham,86.2,
330,Paulo Gazzaniga Farias,0,0,0,0,0,0,0,0,0,0,0,40,GK,Fulham,86.2,0
331,Terence Kongolo,0,0,0,0,0,0,0,0,0,0,0,39,DEF,Fulham,86.2,
332,Tosin Adarabioyo,1,0,2084,39,89.8,495,128,71.4,3,0,4,44,DEF,Fulham,86.2,
333,Aleksandar Mitrović,14,2,2010,30,216.5,584.8,1141,193.1,7,0,7,66,FWD,Fulham,86.2,
334,Harrison Reed,3,4,2868,44,495.6,480.4,266,124.2,9,0,5,43,MID,Fulham,86.2,
335,Harry Wilson,2,5,1085,15,182.1,209.2,173,56.4,2,0,1,57,MID,Fulham,86.2,
336,Marek Rodák,0,0,180,2,0,19,0,1.9,1,0,0,43,GK,Fulham,86.2,2
337,Ivan Neves Abreu Cavaleiro,0,0,0,0,0,0,0,0,0,0,0,48,MID,Fulham,86.2,
338,Kenny Tete,1,5,2569,36,385.6,617.8,110,111.6,7,0,8,44,DEF,Fulham,86.2,
339,Josh Onomah,0,0,14,2,0.6,2,0,0.3,0,0,0,43,MID,Fulham,86.2,
340,Antonee Robinson,0,2,3088,44,417.6,553,57,102.9,9,0,8,44,DEF,Fulham,86.2,
341,Rodrigo Muniz Carvalho,0,0,0,0,0,0,0,0,0,0,0,54,FWD,Fulham,86.2,
342,Jay Stansfield,0,1,85,2,12.8,8.4,46,6.7,0,0,0,45,FWD,Fulham,86.2,
343,João Palhinha Gonçalves,3,0,3108,43,141.8,560.4,336,104.2,9,0,14,49,MID,Fulham,86.2,
344,Daniel James,2,1,802,18,121.4,144.6,218,48.1,1,0,0,59,MID,Fulham,86.2,
345,Andreas Hoelgebaum Pereira,4,10,2696,40,965,440.6,495,189.3,8,0,8,43,MID,Fulham,86.2,
346,Issa Diop,1,0,2008,26,27.7,432.6,78,53.8,7,0,2,43,DEF,Fulham,86.2,
347,Tyrese Francois,0,0,1,0,0.3,1,0,0.1,0,0,0,44,MID,Fulham,86.2,
348,Kevin Mbabu,0,1,141,7,37.7,39.8,0,7.8,0,0,1,43,DEF,Fulham,86.2,
349,Luke Harris,0,0,10,1,1.6,0.6,0,0.2,0,0,0,43,MID,Fulham,86.2,
350,Manor Solomon,4,0,560,11,86,214.8,107,40.8,0,0,0,49,MID,Fulham,86.2,
351,Terry Ablade,0,0,0,0,0,0,0,0,0,0,0,45,FWD,Fulham,86.2,
352,Layvin Kurzawa,0,0,136,4,4.5,20.2,0,2.5,0,0,1,43,DEF,Fulham,86.2,
353,Willian Borges da Silva,5,7,2127,22,658.8,430.2,447,153.6,9,0,2,55,MID,Fulham,86.2,
354,Carlos Vinícius Alves Morais,5,2,1098,20,118.3,244,370,72.7,1,0,3,54,FWD,Fulham,86.2,
355,Stefan Parkes,0,0,0,0,0,0,0,0,0,0,0,40,DEF,Fulham,86.2,
356,Martial Godo,0,0,0,0,0,0,0,0,0,0,0,45,MID,Fulham,86.2,
357,Kristian Sekularac,0,0,0,0,0,0,0,0,0,0,0,45,MID,Fulham,86.2,
358,Sasa Lukic,0,0,406,10,16,34.2,18,6.8,0,0,1,45,MID,Fulham,86.2,
359,George Wickens,0,0,0,0,0,0,0,0,0,0,0,40,GK,Fulham,86.2,0
360,Charlie Robinson,0,0,0,0,0,0,0,0,0,0,0,40,DEF,Fulham,86.2,
361,Matthew Dibley-Dias,0,0,0,0,0,0,0,0,0,0,0,45,MID,Fulham,86.2,
362,Kasper Schmeichel,0,0,0,0,0,0,0,0,0,0,0,50,GK,Leicester,81.7,0
363,Jonny Evans,0,0,1051,28,20.6,223.8,35,27.9,2,0,1,44,DEF,Leicester,81.7,
364,Ryan Bertrand,0,0,0,0,0,0,0,0,0,0,0,39,DEF,Leicester,81.7,
365,Marc Albrighton,1,0,232,3,95.2,76.8,43,21.4,0,0,0,47,MID,Leicester,81.7,
366,Nampalys Mendy,1,0,746,13,42,115.2,20,17.8,0,0,1,42,MID,Leicester,81.7,
367,Jannik Vestergaard,0,0,0,0,0,0,0,0,0,0,0,38,DEF,Leicester,81.7,
368,Danny Ward,0,0,2340,46,0,631.4,0,63,6,0,0,38,GK,Leicester,81.7,75
369,Jamie Vardy,3,5,1841,38,173.5,287,451,90.6,4,0,1,91,FWD,Leicester,81.7,
370,Ricardo Barbosa Pereira,1,1,451,11,100.2,148,25,27.3,0,0,2,42,DEF,Leicester,81.7,
371,Daniel Amartey,0,0,1608,27,79.8,358.4,50,48.9,5,0,1,39,DEF,Leicester,81.7,
372,Timothy Castagne,2,4,3255,63,377.3,679.8,289,135,8,0,3,43,DEF,Leicester,81.7,
373,Youri Tielemans,3,3,2341,49,458.3,512.2,190,116.2,6,0,4,61,MID,Leicester,81.7,
374,Ayoze Pérez,0,2,378,5,151,65.2,92,30.9,1,0,0,47,MID,Leicester,81.7,
375,James Maddison,10,9,2479,54,970,785.4,769,252.9,4,0,10,78,MID,Leicester,81.7,
376,Kelechi Iheanacho,5,5,1112,23,228.9,306.6,437,95.7,1,0,0,58,FWD,Leicester,81.7,
377,Hamza Choudhury,0,0,0,0,0,0,0,0,0,0,0,45,MID,Leicester,81.7,
378,Harvey Barnes,13,2,2709,51,305.1,567.4,883,175.5,6,0,3,66,MID,Leicester,81.7,
379,Wilfred Ndidi,0,0,1672,39,73,317.6,45,43.2,1,0,4,48,MID,Leicester,81.7,
380,Kiernan Dewsbury-Hall,2,3,2305,41,527.7,446.6,233,121,7,1,3,49,MID,Leicester,81.7,
381,Çaglar Söyüncü,1,0,528,13,13.3,174.6,53,24.1,0,0,2,42,DEF,Leicester,81.7,
382,James Justin,0,2,1252,25,138.8,208.4,40,38.7,5,0,0,41,DEF,Leicester,81.7,
383,Boubakary Soumaré,0,0,1624,30,148.7,236.6,5,39.2,6,0,9,44,MID,Leicester,81.7,
384,Luke Thomas,0,1,1068,20,89.4,166.8,12,26.8,2,0,3,39,DEF,Leicester,81.7,
385,Patson Daka,4,4,1169,24,223.6,295.2,440,95.1,5,0,2,56,FWD,Leicester,81.7,
386,Lewis Brunt,0,0,22,1,1,2.2,0,0.3,0,0,0,39,DEF,Leicester,81.7,
387,Daniel Iversen,0,0,1080,22,0,255.8,0,25.6,1,0,0,39,GK,Leicester,81.7,38
388,Dennis Praet,1,1,635,10,66.9,96.4,64,22.7,2,0,1,48,MID,Leicester,81.7,
389,Alex Smithies,0,0,0,0,0,0,0,0,0,0,0,39,GK,Leicester,81.7,0
390,Wout Faes,1,2,2786,51,115.6,662.4,93,87.1,7,1,4,42,DEF,Leicester,81.7,
391,Sammy Braybrooke,0,0,0,0,0,0,0,0,0,0,0,45,MID,Leicester,81.7,
392,Joe Wormleighton,0,0,0,0,0,0,0,0,0,0,0,40,DEF,Leicester,81.7,
393,Kasey McAteer,0,0,0,0,0,0,0,0,0,0,0,45,MID,Leicester,81.7,
394,Victor Kristiansen,0,1,891,21,119.3,173.2,14,30.8,0,0,2,45,DEF,Leicester,81.7,
395,Mateus Cardoso Lemos Martins,1,0,732,15,98.7,84,109,28.8,0,0,0,49,MID,Leicester,81.7,
396,Harry Souttar,0,1,991,19,38.9,242.6,65,34.6,1,0,2,45,DEF,Leicester,81.7,
397,Wanya Marçal-Madivadua,0,0,0,0,0,0,0,0,0,0,0,45,MID,Leicester,81.7,
398,Liam Cooper,1,0,1425,32,65.2,309.8,145,51.7,2,0,5,44,DEF,Leeds,82.2,
399,Luke Ayling,2,1,2048,48,209.3,451.8,264,92.8,3,0,3,45,DEF,Leeds,82.2,
400,Mateusz Klich,0,0,266,5,69.3,39.6,50,15.2,0,0,2,46,MID,Leeds,82.2,
401,Adam Forshaw,0,0,473,13,62,49.6,0,11.3,0,0,0,44,MID,Leeds,82.2,
402,Rodrigo Moreno,13,2,1928,43,241.1,577.6,853,166.5,5,0,6,63,MID,Leeds,82.2,
403,Stuart Dallas,0,0,0,0,0,0,0,0,0,0,0,49,DEF,Leeds,82.2,
404,Patrick Bamford,4,5,1510,31,171.6,252.2,588,99.6,1,0,3,71,FWD,Leeds,82.2,
405,Diego Llorente,0,0,648,12,5.8,99,40,14.6,1,0,1,44,DEF,Leeds,82.2,
406,Tyler Roberts,0,0,0,0,0,0,0,0,0,0,0,50,MID,Leeds,82.2,
407,Robin Koch,0,0,3175,74,72.9,589.2,201,86.3,5,0,7,45,DEF,Leeds,82.2,
408,Raphael Dias Belloli,0,0,0,0,0,0,0,0,0,0,0,70,MID,Leeds,82.2,
409,Jack Harrison,5,8,2707,55,791.5,556.2,466,181.2,6,0,2,57,MID,Leeds,82.2,
410,Jamie Shackleton,0,0,0,0,0,0,0,0,0,0,0,45,MID,Leeds,82.2,
411,Pascal Struijk,2,2,2198,52,216.2,544.4,253,101.5,4,0,5,45,DEF,Leeds,82.2,
412,Kristoffer Klaesson,0,0,0,0,0,0,0,0,0,0,0,38,GK,Leeds,82.2,0
413,Sam Greenwood,1,2,410,11,210.5,121.8,85,41.6,0,0,1,41,FWD,Leeds,82.2,
414,Illan Meslier,0,0,3060,67,0,738.6,17,75.9,5,0,3,44,GK,Leeds,82.2,92
415,Junior Firpo Adames,1,2,1364,33,123.4,286,41,45,1,1,5,45,DEF,Leeds,82.2,
416,Crysencio Summerville,4,4,1411,38,222.6,311.8,357,88.6,1,0,4,42,MID,Leeds,82.2,
417,Lewis Bate,0,0,0,0,0,0,0,0,0,0,0,45,MID,Leeds,82.2,
418,Joe Gelhardt,0,2,201,3,32.1,49.4,114,19.4,0,0,1,51,FWD,Leeds,82.2,
419,Leo Fuhr Hjelde,0,0,0,0,0,0,0,0,0,0,0,39,DEF,Leeds,82.2,
420,Rasmus Kristensen,3,1,1957,53,143.6,474.4,160,78,2,0,4,47,DEF,Leeds,82.2,
421,Marc Roca Junqué,1,3,2316,60,475.8,433.6,323,123.1,2,0,7,48,MID,Leeds,82.2,
422,Brenden Aaronson,1,4,2365,58,662.6,306,439,141.1,5,0,2,53,MID,Leeds,82.2,
423,Darko Gyabi,0,0,7,0,0.5,4.4,20,2.5,0,0,0,42,MID,Leeds,82.2,
424,Tyler Adams,0,0,2156,36,328.9,393.6,24,74.9,5,1,4,49,MID,Leeds,82.2,
425,Luis Sinisterra Lucumí,5,0,863,23,157.7,242.8,305,70.6,0,1,1,65,MID,Leeds,82.2,
426,Cody Drameh,0,0,70,3,2.7,12.8,0,1.6,0,0,0,40,DEF,Leeds,82.2,
427,Archie Gray,0,0,0,0,0,0,0,0,0,0,0,45,MID,Leeds,82.2,
428,Joel Robles,0,0,360,11,0,93.2,0,9.3,0,0,1,40,GK,Leeds,82.2,16
429,Wilfried Gnonto,2,4,1346,28,323.5,264.8,253,84.3,4,0,7,47,FWD,Leeds,82.2,
430,Mateo Joseph Fernández,0,0,24,0,0.2,3,19,2.2,0,0,0,45,FWD,Leeds,82.2,
431,Sonny Perkins,0,0,0,0,0,0,0,0,0,0,0,45,FWD,Leeds,82.2,
432,Maximilian Wöber,0,0,1264,23,65.8,273.4,54,39.5,2,0,3,44,DEF,Leeds,82.2,
433,Georginio Rutter,0,1,263,9,38.3,36.2,41,11.4,0,0,0,50,FWD,Leeds,82.2,
434,Weston McKennie,0,1,1434,35,201.7,198.8,81,48.3,1,0,7,46,MID,Leeds,82.2,
435,Jeremiah Chilokoa-Mullen,0,0,0,0,0,0,0,0,0,0,0,40,DEF,Leeds,82.2,
436,Diogo Pinheiro Monteiro,0,0,0,0,0,0,0,0,0,0,0,40,DEF,Leeds,82.2,
437,James Milner,0,1,889,12,207.2,172.8,92,47.2,3,0,2,44,MID,Liverpool,95.1,
438,Jordan Henderson,0,3,2060,30,506.1,307.4,174,99.1,8,0,2,53,MID,Liverpool,95.1,
439,Joel Matip,1,0,1091,20,49.5,223.4,90,36.2,3,0,3,59,DEF,Liverpool,95.1,
440,Thiago Alcántara do Nascimento,0,0,1252,23,265.8,244.4,86,59.8,2,0,2,51,MID,Liverpool,95.1,
441,Alex Oxlade-Chamberlain,1,0,332,7,66.3,72.4,84,22.3,0,0,0,49,MID,Liverpool,95.1,
442,Roberto Firmino,11,4,1202,17,293.2,542,792,162.8,4,0,0,80,FWD,Liverpool,95.1,
443,Virgil van Dijk,3,1,2835,36,121,743.2,389,125.4,11,0,3,66,DEF,Liverpool,95.1,
444,Alisson Ramses Becker,0,1,3330,43,10.1,966.4,0,97.6,14,0,1,55,GK,Liverpool,95.1,105
445,Fabio Henrique Tavares,0,2,2666,34,302,379.2,109,79,11,0,11,52,MID,Liverpool,95.1,
446,Mohamed Salah,19,13,3290,45,869.9,1046.2,1620,353.7,13,0,2,131,MID,Liverpool,95.1,
447,Andrew Robertson,0,8,2579,34,862.1,549.2,211,162.3,9,0,3,68,DEF,Liverpool,95.1,
448,Trent Alexander-Arnold,2,11,2922,44,1168.2,779,241,219,10,0,5,78,DEF,Liverpool,95.1,
449,Joseph Gomez,0,0,1461,16,43.7,297.8,27,36.9,8,0,3,43,DEF,Liverpool,95.1,
450,Naby Keita,0,0,290,4,92.6,23.8,54,16.9,1,0,1,47,MID,Liverpool,95.1,
451,Diogo Teixeira da Silva,7,4,1125,19,237.9,304.2,337,87.5,5,0,2,86,FWD,Liverpool,95.1,
452,Caoimhin Kelleher,0,0,90,4,0,0,0,0,0,0,0,39,GK,Liverpool,95.1,6
453,Ibrahima Konaté,0,0,1551,22,39.6,285.6,144,46.8,7,0,5,49,DEF,Liverpool,95.1,
454,Curtis Jones,3,1,1029,15,214.4,266.2,236,71.6,4,0,2,49,MID,Liverpool,95.1,
455,Konstantinos Tsimikas,0,4,762,11,281.7,177.6,124,58.5,4,0,3,43,DEF,Liverpool,95.1,
456,Luis Díaz,4,2,991,11,176.7,236.2,388,80.1,4,0,2,78,MID,Liverpool,95.1,
457,Harvey Elliott,1,2,1600,20,372.3,257,363,99.4,5,0,2,48,MID,Liverpool,95.1,
458,Fábio Freitas Gouveia Carvalho,2,1,339,3,36.7,89.4,173,29.7,0,0,0,51,MID,Liverpool,95.1,
459,Darwin Núñez Ribeiro,9,5,1684,22,336.9,458.2,1078,186,7,1,1,86,FWD,Liverpool,95.1,
460,Calvin Ramsay,0,0,0,0,0,0,0,0,0,0,0,39,DEF,Liverpool,95.1,
461,Adrián San Miguel del Castillo,0,0,0,0,0,0,0,0,0,0,0,38,GK,Liverpool,95.1,0
462,Rhys Williams,0,0,0,0,0,0,0,0,0,0,0,40,DEF,Liverpool,95.1,
463,Ben Davies,0,0,0,0,0,0,0,0,0,0,0,40,DEF,Liverpool,95.1,
464,Sepp van den Berg,0,0,0,0,0,0,0,0,0,0,0,40,DEF,Liverpool,95.1,
465,Nathaniel Phillips,0,0,65,1,1.4,15.4,18,3.4,0,0,0,38,DEF,Liverpool,95.1,
466,Luke Chambers,0,0,0,0,0,0,0,0,0,0,0,40,DEF,Liverpool,95.1,
467,Stefan Bajcetic,1,0,522,4,61.7,90.2,77,22.8,3,0,2,43,MID,Liverpool,95.1,
468,Bobby Clark,0,0,7,0,0.3,0,2,0.2,0,0,0,45,MID,Liverpool,95.1,
469,Harvey Davies,0,0,0,0,0,0,0,0,0,0,0,40,GK,Liverpool,95.1,0
470,Arthur Henrique Ramos de Oliveira Melo,0,0,0,0,0,0,0,0,0,0,0,48,MID,Liverpool,95.1,
471,Ben Doak,0,0,23,1,1.4,5.6,4,1.2,0,0,0,45,MID,Liverpool,95.1,
472,Cody Gakpo,7,3,1455,19,271.1,331.8,415,101.3,6,0,0,76,MID,Liverpool,95.1,
473,Kyle Walker,0,0,1953,20,176.2,223.8,39,43.8,7,0,3,47,DEF,Manchester City,100,
474,Ilkay Gündogan,8,6,2351,20,636.9,596.2,597,182.7,10,0,0,74,MID,Manchester City,100,
475,Kevin De Bruyne,7,18,2413,23,1476.7,897.8,598,297.6,10,0,1,121,MID,Manchester City,100,
476,John Stones,2,2,1844,17,164.1,396,135,69.6,7,0,2,56,DEF,Manchester City,100,
477,Riyad Mahrez,5,12,1913,23,773.4,533.6,520,182.5,6,0,2,75,MID,Manchester City,100,
478,Jack Grealish,5,10,2051,16,721.3,515.8,683,191.7,10,0,4,71,MID,Manchester City,100,
479,João Cancelo,2,2,1273,16,266.4,277,276,81.2,6,1,3,71,DEF,Manchester City,100,
480,Ederson Santana de Moraes,0,1,3150,32,13.1,479,0,49.2,11,0,3,54,GK,Manchester City,100,46
481,Nathan Aké,1,0,1871,15,161.6,383.4,150,69.7,9,0,2,50,DEF,Manchester City,100,
482,Aymeric Laporte,0,0,992,10,107.8,166.2,68,34.1,4,0,0,56,DEF,Manchester City,100,
483,Zack Steffen,0,0,0,0,0,0,0,0,0,0,0,40,GK,Manchester City,100,0
484,Bernardo Veiga de Carvalho e Silva,4,6,2196,24,515,492,424,143.1,7,0,5,67,MID,Manchester City,100,
485,Rúben Gato Alves Dias,0,0,1997,16,83.7,416.8,124,62.5,9,0,3,60,DEF,Manchester City,100,
486,Phil Foden,11,7,1832,16,670.8,671.2,712,205.4,5,0,1,80,MID,Manchester City,100,
487,Rodrigo Hernandez,2,6,2911,26,555.9,716,493,176.9,11,0,5,56,MID,Manchester City,100,
488,Cole Palmer,0,1,358,4,72.4,59.2,97,23.1,1,0,1,42,MID,Manchester City,100,
489,James McAtee,0,0,0,0,0,0,0,0,0,0,0,45,MID,Manchester City,100,
490,Erling Haaland,36,9,2767,26,371,1390,1825,358.1,13,0,5,124,FWD,Manchester City,100,
491,Julián Álvarez,9,3,1448,16,271.1,430.8,545,124.7,5,0,0,61,FWD,Manchester City,100,
492,Luke Mbete-Tabu,0,0,0,0,0,0,0,0,0,0,0,39,DEF,Manchester City,100,
493,Josh Wilson-Esbrand,0,0,0,0,0,0,0,0,0,0,0,38,DEF,Manchester City,100,
494,Liam Delap,0,0,0,0,0,0,0,0,0,0,0,44,FWD,Manchester City,100,
495,Stefan Ortega Moreno,0,0,270,1,0,116.8,0,11.7,2,0,0,37,GK,Manchester City,100,14
496,Kalvin Phillips,0,0,291,3,46.5,39,19,10.5,1,0,1,48,MID,Manchester City,100,
497,Scott Carson,0,0,0,0,0,0,0,0,0,0,0,38,GK,Manchester City,100,0
498,Rico Lewis,0,0,900,8,152.4,114.6,40,30.7,2,0,1,38,DEF,Manchester City,100,
499,Sergio Gómez,0,1,340,6,52.8,66.2,24,14.3,1,0,0,44,DEF,Manchester City,100,
500,Claudio Gomes,0,0,0,0,0,0,0,0,0,0,0,45,MID,Manchester City,100,
501,Ben Knight,0,0,0,0,0,0,0,0,0,0,0,45,MID,Manchester City,100,
502,Manuel Akanji,0,1,2284,23,146.5,385.6,180,71.4,7,0,2,51,DEF,Manchester City,100,
503,Máximo Perrone,0,0,18,1,2.6,1,4,0.8,0,0,0,44,MID,Manchester City,100,
504,Alex Robertson,0,0,0,0,0,0,0,0,0,0,0,45,MID,Manchester City,100,
505,Shea Charles,0,0,27,1,0,0,0,0,0,0,0,45,MID,Manchester City,100,
506,Nico O'Reilly,0,0,0,0,0,0,0,0,0,0,0,45,MID,Manchester City,100,
507,Jack Butland,0,0,0,0,0,0,0,0,0,0,0,44,GK,Manchester United,89.3,0
508,Cristiano Ronaldo dos Santos Aveiro,1,0,519,8,83.2,63.8,218,35.6,3,0,2,102,FWD,Manchester United,89.3,
509,David De Gea Quintana,0,0,3420,43,13,792.2,0,80.7,17,0,0,51,GK,Manchester United,89.3,99
510,Phil Jones,0,0,0,0,0,0,0,0,0,0,0,38,DEF,Manchester United,89.3,
511,Raphaël Varane,0,0,1912,22,74,387,124,58.8,10,0,1,48,DEF,Manchester United,89.3,
512,Harry Maguire,0,0,762,7,20.3,180.6,51,25.2,5,0,4,47,DEF,Manchester United,89.3,
513,Frederico Rodrigues de Paula Santos,2,3,1228,22,335.9,282.2,213,83,4,0,6,51,MID,Manchester United,89.3,
514,Luke Shaw,1,4,2552,35,547.7,572.8,118,124.2,12,0,8,53,DEF,Manchester United,89.3,
515,Bruno Borges Fernandes,8,9,3317,39,1532.3,948,948,343.1,18,0,6,95,MID,Manchester United,89.3,
516,Alex Telles,0,0,0,0,0,0,0,0,0,0,0,50,DEF,Manchester United,89.3,
517,Marcus Rashford,17,7,2880,39,459.7,887.8,1427,277.6,13,0,2,72,MID,Manchester United,89.3,
518,Donny van de Beek,0,0,162,3,40.2,11.2,54,10.5,0,0,0,51,MID,Manchester United,89.3,
519,Victor Lindelöf,0,0,1359,16,53.5,265,19,33.9,6,0,1,41,DEF,Manchester United,89.3,
520,Scott McTominay,1,0,1149,20,122.8,242.2,156,51.7,4,0,8,49,MID,Manchester United,89.3,
521,Eric Bailly,0,0,0,0,0,0,0,0,0,0,0,40,DEF,Manchester United,89.3,
522,Jadon Sancho,6,3,1683,18,543.9,390.6,382,131.7,13,0,0,71,MID,Manchester United,89.3,
523,Aaron Wan-Bissaka,0,0,1432,10,221.9,290.4,143,65.5,8,0,2,43,DEF,Manchester United,89.3,
524,Diogo Dalot Teixeira,1,2,2152,34,418.6,469.4,272,116,10,0,6,48,DEF,Manchester United,89.3,
525,Brandon Williams,0,0,0,0,0,0,0,0,0,0,0,37,DEF,Manchester United,89.3,
526,Anthony Elanga,0,1,417,2,78.8,52.4,162,28.7,2,0,0,46,MID,Manchester United,89.3,
527,Anthony Martial,6,3,970,8,179,305.2,376,85.4,7,0,0,63,FWD,Manchester United,89.3,
528,Facundo Pellistri Rebollo,0,0,60,1,1.7,3.2,2,0.6,0,0,0,43,MID,Manchester United,89.3,
529,Tom Heaton,0,0,0,0,0,0,0,0,0,0,0,38,GK,Manchester United,89.3,0
530,Tyrell Malacia,0,0,1391,14,125.8,206.4,77,41.1,7,0,6,42,DEF,Manchester United,89.3,
531,Christian Eriksen,1,9,2046,25,564.3,420.8,344,132.8,13,0,3,62,MID,Manchester United,89.3,
532,Lisandro Martínez,1,0,2113,33,110.4,571.8,82,76.7,9,0,6,44,DEF,Manchester United,89.3,
533,Amad Diallo,0,0,0,0,0,0,0,0,0,0,0,44,MID,Manchester United,89.3,
534,Zidane Iqbal,0,0,0,0,0,0,0,0,0,0,0,42,MID,Manchester United,89.3,
535,Alejandro Garnacho,3,2,557,13,58.5,153.8,266,47.9,0,0,3,41,MID,Manchester United,89.3,
536,Carlos Henrique Casimiro,4,3,2122,22,393,638.6,278,131.1,10,2,7,49,MID,Manchester United,89.3,
537,Antony Matheus dos Santos,4,2,1803,21,421,322,633,137.1,12,0,5,73,MID,Manchester United,89.3,
538,Matej Kovár,0,0,0,0,0,0,0,0,0,0,0,40,GK,Manchester United,89.3,0
539,Kobbie Mainoo,0,0,10,0,0.8,5.8,6,1.3,0,0,0,45,MID,Manchester United,89.3,
540,Nathan Bishop,0,0,0,0,0,0,0,0,0,0,0,40,GK,Manchester United,89.3,0
541,Shola Shoretire,0,0,0,0,0,0,0,0,0,0,0,45,FWD,Manchester United,89.3,
542,Rhys Bennett,0,0,0,0,0,0,0,0,0,0,0,40,DEF,Manchester United,89.3,
543,Wout Weghorst,0,1,790,11,183.7,97.6,140,42.1,4,0,1,54,FWD,Manchester United,89.3,
544,Marcel Sabitzer,0,1,622,7,138.9,100.4,84,32.5,5,0,1,47,MID,Manchester United,89.3,
545,Marc Jurado Gomez,0,0,0,0,0,0,0,0,0,0,0,40,DEF,Manchester United,89.3,
546,Anthony Gordon,4,0,1574,18,215.3,265.6,517,99.8,4,0,7,51,MID,Newcastle,90.2,
547,Matt Ritchie,0,0,35,0,17.2,8.8,2,2.8,0,0,0,42,DEF,Newcastle,90.2,
548,Federico Fernández,0,0,0,0,0,0,0,0,0,0,0,44,DEF,Newcastle,90.2,
549,Ciaran Clark,0,0,0,0,0,0,0,0,0,0,0,45,DEF,Newcastle,90.2,
550,Karl Darlow,0,0,0,0,0,0,0,0,0,0,0,39,GK,Newcastle,90.2,0
551,Martin Dubravka,0,0,156,1,0,29.4,0,2.9,1,0,0,41,GK,Newcastle,90.2,9
552,Callum Wilson,18,6,1870,16,271,720,1020,200.4,10,0,4,73,FWD,Newcastle,90.2,
553,Kieran Trippier,1,9,3342,31,1818.5,904.8,117,284.3,16,0,5,60,DEF,Newcastle,90.2,
554,Dan Burn,1,0,3109,30,230.4,550.2,265,104.8,14,0,5,45,DEF,Newcastle,90.2,
555,Ryan Fraser,0,0,308,3,74,26.8,70,17.2,1,0,1,52,MID,Newcastle,90.2,
556,Jamaal Lascelles,0,0,214,5,0.9,42.6,13,5.4,0,0,4,43,DEF,Newcastle,90.2,
557,Dwight Gayle,0,0,0,0,0,0,0,0,0,0,0,45,FWD,Newcastle,90.2,
558,Paul Dummett,0,0,0,0,0,0,0,0,0,0,0,39,DEF,Newcastle,90.2,
559,Javier Manquillo Gaitán,0,0,34,1,5.5,12,2,2,0,0,0,42,DEF,Newcastle,90.2,
560,Emil Krafth,0,0,1,0,0,0,0,0,0,0,0,43,DEF,Newcastle,90.2,
561,Jacob Murphy,4,2,1230,12,302.5,275,410,98.9,3,0,0,42,MID,Newcastle,90.2,
562,Fabian Schär,1,3,3207,28,263.9,653.4,521,144.1,15,0,7,51,DEF,Newcastle,90.2,
563,Matt Targett,0,0,600,6,141.9,97.6,8,24.8,3,0,1,47,DEF,Newcastle,90.2,
564,Allan Saint-Maximin,1,6,1109,14,344.1,266.4,370,98.2,4,0,1,61,MID,Newcastle,90.2,
565,Miguel Almirón Rejala,11,4,2487,22,424,599.2,849,187.5,15,0,2,54,MID,Newcastle,90.2,
566,Sean Longstaff,1,5,2514,18,372,385.2,408,116.8,13,0,2,43,MID,Newcastle,90.2,
567,Joelinton Cássio Apolinário de Lira,6,5,2660,26,413.1,603.4,655,167.3,11,0,12,60,MID,Newcastle,90.2,
568,Jamal Lewis,0,0,9,1,0.8,1,4,0.6,0,0,0,44,DEF,Newcastle,90.2,
569,Joe Willock,3,7,2556,26,547,520.8,680,174.9,12,0,1,47,MID,Newcastle,90.2,
570,Bruno Guimarães Rodriguez Moura,4,5,2727,25,631.8,617.6,284,153.6,12,0,7,55,MID,Newcastle,90.2,
571,Jeff Hendrick,0,0,0,0,0,0,0,0,0,0,0,45,MID,Newcastle,90.2,
572,Nick Pope,0,0,3261,32,20,709.6,0,72.9,14,1,3,54,GK,Newcastle,90.2,85
573,Sven Botman,0,2,3127,30,120.1,554.4,303,98.1,13,0,2,45,DEF,Newcastle,90.2,
574,Elliot Anderson,0,1,395,7,114.7,70.2,180,36.5,1,0,0,43,MID,Newcastle,90.2,
575,Harrison Ashby,0,0,0,0,0,0,0,0,0,0,0,38,DEF,Newcastle,90.2,
576,Alexander Isak,10,2,1520,20,244.1,475,693,141.1,4,0,3,70,FWD,Newcastle,90.2,
577,Loris Karius,0,0,0,0,0,0,0,0,0,0,0,39,GK,Newcastle,90.2,0
578,Garang Kuol,0,0,0,0,0,0,0,0,0,0,0,45,MID,Newcastle,90.2,
579,Lewis Miley,0,0,14,0,0,0,0,0,0,0,0,45,MID,Newcastle,90.2,
580,Mark Gillespie,0,0,0,0,0,0,0,0,0,0,0,40,GK,Newcastle,90.2,
581,Neco Williams,1,1,1872,41,257.3,372.2,209,84,4,0,7,38,DEF,Nottingham ,82.9,
582,Jonjo Shelvey,0,0,573,11,102.1,55.6,11,16.3,1,0,2,48,MID,Nottingham ,82.9,
583,Chris Wood,3,0,807,9,82.1,145.2,169,39.3,4,0,0,56,FWD,Nottingham ,82.9,
584,Harry Arter,0,0,0,0,0,0,0,0,0,0,0,41,MID,Nottingham ,82.9,
585,Steve Cook,0,0,956,21,39.3,177.4,28,24.4,2,0,4,43,DEF,Nottingham ,82.9,
586,Lyle Taylor,0,0,0,0,0,0,0,0,0,0,0,41,FWD,Nottingham ,82.9,
587,Jack Colback,0,0,492,11,33.7,62,2,9.9,0,0,0,41,MID,Nottingham ,82.9,
588,Brice Samba,0,0,0,0,0,0,0,0,0,0,0,45,GK,Nottingham ,82.9,0
589,Carlos Ribeiro Dias,0,0,6,0,0.1,2.4,0,0.3,0,0,0,42,MID,Nottingham ,82.9,
590,Joe Lolley,0,0,0,0,0,0,0,0,0,0,0,49,MID,Nottingham ,82.9,
591,Scott McKenna,0,0,1570,32,93.9,278.8,46,41.8,5,0,4,44,DEF,Nottingham ,82.9,
592,Mohamed Dräger,0,0,0,0,0,0,0,0,0,0,0,40,DEF,Nottingham ,82.9,
593,Ryan Yates,0,3,1833,36,97.3,206.8,233,53.1,5,0,5,50,MID,Nottingham ,82.9,
594,Joe Worrall,1,0,2215,44,66.4,471,92,62.5,5,0,6,42,DEF,Nottingham ,82.9,
595,Jonathan Panzo,0,0,0,0,0,0,0,0,0,0,0,40,DEF,Nottingham ,82.9,
596,Xande Nascimento da Costa Silva,0,0,0,0,0,0,0,0,0,0,0,50,MID,Nottingham ,82.9,
597,Sam Surridge,1,0,306,5,15.9,59.4,92,15.7,0,0,2,46,FWD,Nottingham ,82.9,
598,Richie Laryea,0,0,0,0,0,0,0,0,0,0,0,45,DEF,Nottingham ,82.9,
599,Loïc Mbe Soh,0,0,0,0,0,0,0,0,0,0,0,42,DEF,Nottingham ,82.9,
600,Brennan Johnson,8,5,2930,54,373.6,478.2,729,157.4,7,0,6,55,FWD,Nottingham ,82.9,
601,Alex Mighten,0,0,7,0,0.3,0,0,0,0,0,0,49,MID,Nottingham ,82.9,
602,Braian Ojeda Rodríguez,0,0,0,0,0,0,0,0,0,0,0,45,MID,Nottingham ,82.9,
603,Taiwo Awoniyi,10,1,1395,29,129.6,375.8,378,87.8,5,0,2,56,FWD,Nottingham ,82.9,
604,Dean Henderson,0,0,1620,31,0,474.4,0,47.5,6,0,2,46,GK,Nottingham ,82.9,52
605,Giulian Biancone,0,0,15,1,0,6.8,0,0.7,0,0,0,42,DEF,Nottingham ,82.9,
606,Willy Boly,0,1,684,10,11.8,145,24,18.3,3,0,2,41,DEF,Nottingham ,82.9,
607,Morgan Gibbs-White,5,12,3151,61,941.1,593.4,624,215.7,8,0,6,55,MID,Nottingham ,82.9,
608,Moussa Niakhaté,0,0,1163,22,14.8,173.4,61,24.9,2,0,1,43,DEF,Nottingham ,82.9,
609,Omar Richards,0,0,0,0,0,0,0,0,0,0,0,44,DEF,Nottingham ,82.9,
610,Wayne Hennessey,0,0,271,5,0,62.2,0,6.3,0,0,0,39,GK,Nottingham ,82.9,9
611,Harry Toffolo,0,0,933,17,93.5,147,67,30.6,2,0,2,43,DEF,Nottingham ,82.9,
612,Lewis O'Brien,1,0,578,14,56.4,107.8,47,21.1,1,0,2,47,MID,Nottingham ,82.9,
613,Jesse Lingard,0,1,918,17,151.9,50.6,127,32.9,5,0,1,54,MID,Nottingham ,82.9,
614,Orel Mangala,1,1,1543,24,61.6,191.4,75,32.8,5,0,3,49,MID,Nottingham ,82.9,
615,Oliver Hammond,0,0,0,0,0,0,0,0,0,0,0,42,MID,Nottingham ,82.9,
616,Remo Freuler,0,0,2157,47,174.7,272.2,54,50.3,6,0,4,49,MID,Nottingham ,82.9,
617,Cheikhou Kouyaté,1,0,871,23,82.8,158.8,81,32.2,2,0,3,44,MID,Nottingham ,82.9,
618,Emmanuel Dennis,2,2,709,17,96.8,166.4,286,54.6,1,0,3,56,FWD,Nottingham ,82.9,
619,Renan Augusto Lodi dos Santos,0,2,2211,48,208.2,319,97,62.5,5,0,7,43,DEF,Nottingham ,82.9,
620,Loïc Badé,0,0,0,0,0,0,0,0,0,0,0,45,DEF,Nottingham ,82.9,
621,Serge Aurier,1,0,1943,31,164.1,431,112,70.9,6,0,2,43,DEF,Nottingham ,82.9,
622,Dale Taylor,0,0,0,0,0,0,0,0,0,0,0,45,FWD,Nottingham ,82.9,
623,Jordan Smith,0,0,0,0,0,0,0,0,0,0,0,40,GK,Nottingham ,82.9,0
624,Gustavo Henrique Furtado Scarpa,0,0,177,1,17.3,15,25,5.7,0,0,1,46,MID,Nottingham ,82.9,
625,Danilo dos Santos de Oliveira,3,2,976,18,108.1,253.8,113,47.1,1,0,1,45,MID,Nottingham ,82.9,
626,Keylor Navas,0,0,1530,32,0,387.6,0,38.7,2,0,2,45,GK,Nottingham ,82.9,51
627,Felipe Augusto de Almeida Monteiro,0,1,1417,32,79.5,379,130,59,1,0,4,45,DEF,Nottingham ,82.9,
628,André Ayew,0,0,306,10,17.1,34,53,10.5,0,0,1,50,MID,Nottingham ,82.9,
629,George Shelvey,0,0,0,0,0,0,0,0,0,0,0,40,GK,Nottingham ,82.9,0
630,Ainsley Maitland-Niles,0,1,1400,31,159.2,280.2,23,46,3,0,3,48,MID,Southampton,81.1,
631,Roméo Lavia,1,1,2219,50,247.1,344.8,46,64.2,4,0,9,45,MID,Southampton,81.1,
632,Theo Walcott,2,2,1123,30,159.1,164.6,199,52.1,2,0,1,48,MID,Southampton,81.1,
633,Alex McCarthy,0,0,540,17,0,84.2,0,8.4,0,0,0,43,GK,Southampton,81.1,14
634,Oriol Romeu Vidal,0,0,74,4,3.8,6.2,2,1.2,0,0,0,48,MID,Southampton,81.1,
635,Nathan Redmond,0,0,1,0,0,0,0,0,0,0,0,53,MID,Southampton,81.1,
636,Stuart Armstrong,2,2,1391,34,282.8,234.2,267,78.6,1,0,6,47,MID,Southampton,81.1,
637,Mohamed Elyounoussi,1,1,2162,45,297.2,285,388,96.8,2,0,4,51,MID,Southampton,81.1,
638,James Ward-Prowse,9,4,3371,72,1162.9,880.4,319,236.3,4,0,6,61,MID,Southampton,81.1,
639,Adam Armstrong,2,1,1321,24,148.8,142,275,55.6,1,0,2,53,FWD,Southampton,81.1,
640,Kyle Walker-Peters,1,0,2650,58,277.9,403.4,198,87.9,3,0,4,44,DEF,Southampton,81.1,
641,Jan Bednarek,0,0,1770,40,38.4,415,43,49.7,3,0,5,41,DEF,Southampton,81.1,
642,Che Adams,5,5,1987,41,336.4,340.4,583,124.6,4,0,1,60,FWD,Southampton,81.1,
643,Nathan Tella,0,0,0,0,0,0,0,0,0,0,0,50,MID,Southampton,81.1,
644,Lyanco Silveira Neves Vojnovic,1,1,1173,26,52.8,281.6,114,45,0,0,4,44,DEF,Southampton,81.1,
645,Yan Valery,0,0,45,2,0.9,4,0,0.5,0,0,0,40,DEF,Southampton,81.1,
646,Will Smallbone,0,0,0,0,0,0,0,0,0,0,0,45,MID,Southampton,81.1,
647,Ibrahima Diallo,0,0,813,19,66,85.4,28,17.7,0,0,4,41,MID,Southampton,81.1,
648,Romain Perraud,2,2,1828,35,251.8,360.6,298,90.9,4,0,4,40,DEF,Southampton,81.1,
649,Moussa Djenepo,0,2,702,14,123.2,141.8,70,33.7,0,0,1,49,MID,Southampton,81.1,
650,Tino Livramento,0,0,26,0,0,5.8,0,0.6,0,0,0,44,DEF,Southampton,81.1,
651,Mohammed Salisu,0,1,1971,41,109.7,537.4,167,81.5,1,0,5,42,DEF,Southampton,81.1,
652,Mateusz Lis,0,0,0,0,0,0,0,0,0,0,0,40,GK,Southampton,81.1,0
653,Gavin Bazunu,0,0,2880,56,10,633,0,64.2,4,0,0,44,GK,Southampton,81.1,67
654,Armel Bella-Kotchap,0,2,1881,39,76.4,422.4,105,60.6,3,0,4,45,DEF,Southampton,81.1,
655,Willy Caballero,0,0,0,0,0,0,0,0,0,0,0,38,GK,Southampton,81.1,0
656,Joe Ayodele-Aribo,2,0,1219,24,137.1,209.6,366,71.5,1,0,2,50,MID,Southampton,81.1,
657,Sékou Mara,1,2,538,10,77.5,104.8,169,33.9,0,0,1,53,FWD,Southampton,81.1,
658,Juan Larios López,0,0,150,2,7.8,27.6,4,3.9,0,0,0,40,DEF,Southampton,81.1,
659,Duje Caleta-Car,1,0,942,15,16.2,262.4,69,34.9,1,0,2,44,DEF,Southampton,81.1,
660,Samuel Edozie,0,0,554,9,110.3,89.2,133,33.2,1,0,0,46,MID,Southampton,81.1,
661,Lewis Payne,0,0,0,0,0,0,0,0,0,0,0,45,MID,Southampton,81.1,
662,Ryan Finnigan,0,0,0,0,0,0,0,0,0,0,0,45,MID,Southampton,81.1,
663,Jimmy Morgan,0,0,0,0,0,0,0,0,0,0,0,45,FWD,Southampton,81.1,
664,Mislav Orsic,0,0,6,0,0.3,2,0,0.2,0,0,0,51,MID,Southampton,81.1,
665,Carlos Alcaraz,4,2,1024,25,64.4,199,190,45.1,0,0,3,50,MID,Southampton,81.1,
666,James Bree,0,0,366,12,65.3,49.2,4,11.7,0,0,1,45,DEF,Southampton,81.1,
667,Kamaldeen Sulemana,2,1,959,20,175.5,105.2,164,44.5,3,0,1,49,MID,Southampton,81.1,
668,Paul Onuachu,0,0,401,7,52.8,30.2,126,20.6,1,0,0,53,FWD,Southampton,81.1,
669,Kamari Doyle,0,0,6,0,0.3,0,0,0,0,0,0,45,MID,Southampton,81.1,
670,Dominic Ballard,0,0,24,0,0.3,1,0,0.1,0,0,0,45,FWD,Southampton,81.1,
671,Samuel Amo-Ameyaw,0,0,3,0,0,0,0,0,0,0,0,45,MID,Southampton,81.1,
672,Hugo Lloris,0,0,2205,39,0,540,0,54,7,0,0,54,GK,Tottenham,90.4,79
673,Fraser Forster,0,0,1215,24,0,256.8,0,25.8,3,0,1,39,GK,Tottenham,90.4,30
674,Harry Kane,30,9,3406,62,744.8,1256.6,1707,371,11,0,6,115,FWD,Tottenham,90.4,
675,Son Heung-min,10,6,2886,55,829.3,709.2,910,244.7,9,0,2,115,MID,Tottenham,90.4,
676,Matt Doherty,1,0,663,9,110.5,147,146,40.3,3,0,0,46,DEF,Tottenham,90.4,
677,Eric Dier,2,1,2816,52,112.3,653.2,235,100.1,9,0,3,50,DEF,Tottenham,90.4,
678,Lucas Rodrigues Moura da Silva,1,0,145,5,55.8,29,43,12.7,0,1,0,58,MID,Tottenham,90.4,
679,Ben Davies,2,3,2284,33,276.9,407.8,172,85.8,9,0,4,47,DEF,Tottenham,90.4,
680,Pierre-Emile Højbjerg,4,5,3131,57,501.7,758,237,150,10,0,5,53,MID,Tottenham,90.4,
681,Harry Winks,0,0,0,0,0,0,0,0,0,0,0,44,MID,Tottenham,90.4,
682,Davinson Sánchez,0,0,848,17,29.9,180.6,52,26.3,2,0,1,42,DEF,Tottenham,90.4,
683,Ryan Sessegnon,2,1,805,15,103,148.6,290,54.3,1,0,4,44,DEF,Tottenham,90.4,
684,Steven Bergwijn,0,0,0,0,0,0,0,0,0,0,0,55,MID,Tottenham,90.4,
685,Sergio Reguilón,0,0,0,0,0,0,0,0,0,0,0,42,DEF,Tottenham,90.4,
686,Japhet Tanganga,0,0,145,5,6.2,27.6,0,3.3,0,0,0,38,DEF,Tottenham,90.4,
687,Rodrigo Bentancur,5,2,1501,24,180.2,489.6,236,90.7,6,0,8,53,MID,Tottenham,90.4,
688,Oliver Skipp,1,0,1489,28,146.1,198.2,52,39.8,4,0,7,43,MID,Tottenham,90.4,
689,Joe Rodon,0,0,0,0,0,0,0,0,0,0,0,40,DEF,Tottenham,90.4,
690,Cristian Romero,0,2,2363,41,136.2,546.2,91,77.3,8,1,9,49,DEF,Tottenham,90.4,
691,Yves Bissouma,0,0,998,20,135,111,23,26.8,1,0,6,47,MID,Tottenham,90.4,
692,Emerson Leite de Souza Junior,2,2,1729,27,178.9,376.2,230,78.7,7,1,2,48,DEF,Tottenham,90.4,
693,Dejan Kulusevski,2,7,2062,40,627.6,409.2,514,154.7,8,0,2,78,MID,Tottenham,90.4,
694,Dane Scarlett,0,0,0,0,0,0,0,0,0,0,0,45,FWD,Tottenham,90.4,
695,Ivan Perišić,1,8,2099,44,732.8,517.8,394,164.2,6,0,6,53,DEF,Tottenham,90.4,
696,Harvey White,0,0,4,0,7.3,2,0,0.9,0,0,0,44,MID,Tottenham,90.4,
697,Pape Matar Sarr,0,1,211,11,16,30.4,4,5,0,0,1,42,MID,Tottenham,90.4,
698,Brandon Austin,0,0,0,0,0,0,0,0,0,0,0,39,GK,Tottenham,90.4,0
699,Alfie Devine,0,0,0,0,0,0,0,0,0,0,0,43,MID,Tottenham,90.4,
700,Troy Parrott,0,0,0,0,0,0,0,0,0,0,0,45,FWD,Tottenham,90.4,
701,Richarlison de Andrade,1,5,995,18,221,201.6,401,82,3,0,3,84,FWD,Tottenham,90.4,
702,Clément Lenglet,0,2,2018,35,136.1,380.8,130,64.7,5,0,4,48,DEF,Tottenham,90.4,
703,Djed Spence,0,0,5,0,1.3,0.2,20,2.2,0,0,0,41,DEF,Tottenham,90.4,
704,Bryan Gil Salvatierra,0,1,146,1,27.5,30.4,27,8.5,1,0,1,50,MID,Tottenham,90.4,
705,Arnaut Danjuma,1,0,162,5,25.1,53.2,71,14.8,0,0,0,61,MID,Tottenham,90.4,
706,Pedro Porro,3,3,1132,26,377.9,268.6,150,79.6,2,0,0,48,DEF,Tottenham,90.4,
707,Romaine Mundle,0,0,0,0,0,0,0,0,0,0,0,45,MID,Tottenham,90.4,
708,George Abbott,0,0,1,0,0,0,0,0,0,0,0,45,MID,Tottenham,90.4,
709,Matthew Craig,0,0,13,0,0,0,0,0,0,0,0,45,MID,Tottenham,90.4,
710,Yago de Santiago Alonso,0,0,0,0,0,0,0,0,0,0,0,45,MID,Tottenham,90.4,
711,Danny Ings,8,2,1579,26,186,398.4,604,118.6,5,0,4,63,FWD,West Ham,87.1,
712,Lukasz Fabianski,0,0,3111,48,0,755.6,0,75.4,9,0,1,49,GK,West Ham,87.1,106
713,Angelo Ogbonna,0,0,1234,19,35.2,212.8,24,27.4,4,0,0,44,DEF,West Ham,87.1,
714,Aaron Cresswell,0,1,2235,32,632.9,411.6,81,113,6,0,3,47,DEF,West Ham,87.1,
715,Michail Antonio,5,3,1822,29,207.7,305.8,559,107,5,0,2,69,FWD,West Ham,87.1,
716,Manuel Lanzini,1,0,243,5,21.9,50.6,37,10.8,0,0,0,50,MID,West Ham,87.1,
717,Kurt Zouma,2,1,1988,29,18.7,415,239,67.4,7,0,0,44,DEF,West Ham,87.1,
718,Arthur Masuaku,0,0,0,0,0,0,0,0,0,0,0,45,DEF,West Ham,87.1,
719,Vladimir Coufal,0,2,2135,35,330.5,361.6,54,74.9,4,0,5,40,DEF,West Ham,87.1,
720,Saïd Benrahma,6,3,2059,32,613.9,510,653,177.7,6,0,0,55,MID,West Ham,87.1,
721,Jarrod Bowen,6,9,3232,50,674.8,625.8,1076,237.9,9,0,2,80,MID,West Ham,87.1,
722,Nikola Vlasic,0,0,0,0,0,0,0,0,0,0,0,50,MID,West Ham,87.1,
723,Declan Rice,4,3,3272,50,522.4,777.6,226,152.7,9,0,5,47,MID,West Ham,87.1,
724,Tomas Soucek,2,4,2811,42,230.1,565.6,472,127.1,8,0,3,50,MID,West Ham,87.1,
725,Pablo Fornals Malla,3,1,1493,28,281,226.6,182,68.7,1,0,0,49,MID,West Ham,87.1,
726,Ben Johnson,0,0,860,13,76.8,161.6,20,25.9,2,0,0,44,DEF,West Ham,87.1,
727,Nayef Aguerd,2,0,1594,28,67.5,404.4,113,58.5,5,0,4,48,DEF,West Ham,87.1,
728,Alphonse Areola,0,0,307,7,0,69.4,0,6.8,0,0,0,43,GK,West Ham,87.1,9
729,Flynn Downes,0,0,752,14,28.9,55.8,51,13.4,1,0,2,42,MID,West Ham,87.1,
730,Gianluca Scamacca,3,0,921,12,160.7,151.8,312,62,3,0,3,66,FWD,West Ham,87.1,
731,Emerson Palmieri dos Santos,1,0,1317,28,188.8,224.8,178,59.4,2,0,2,40,DEF,West Ham,87.1,
732,Conor Coventry,0,0,1,0,0,0,0,0,0,0,0,44,MID,West Ham,87.1,
733,Armstrong Oko-Flex,0,0,0,0,0,0,0,0,0,0,0,44,MID,West Ham,87.1,
734,Maxwel Cornet,0,0,232,5,28.7,27.2,62,11.3,0,0,0,59,MID,West Ham,87.1,
735,Thilo Kehrer,0,3,2229,34,126.2,347.6,83,56,5,0,4,43,DEF,West Ham,87.1,
736,Lucas Tolentino Coelho de Lima,4,5,2154,39,446.5,496.8,473,142,6,0,5,59,MID,West Ham,87.1,
737,Divin Mubama,0,0,36,0,11.4,2.4,0,1.4,0,0,0,45,FWD,West Ham,87.1,
738,Joseph Anang,0,0,0,0,0,0,0,0,0,0,0,40,GK,West Ham,87.1,0
739,Krisztián Hegyi,0,0,0,0,0,0,0,0,0,0,0,39,GK,West Ham,87.1,0
740,Kaelan Casey,0,0,0,0,0,0,0,0,0,0,0,40,DEF,West Ham,87.1,
741,Craig Dawson,1,1,2134,31,37.2,455.6,145,64,7,0,6,48,DEF,Wolves,85.7,
742,Raúl Jiménez,0,2,839,18,116,74.6,273,46.3,2,0,0,65,FWD,Wolves,85.7,
743,Jonathan Castro Otto,1,0,1257,21,118.2,233.2,83,43.7,5,1,3,43,DEF,Wolves,85.7,
744,José Malheiro de Sá,0,0,3240,55,0,845.6,0,84.7,11,0,2,50,GK,Wolves,85.7,105
745,Rúben da Silva Neves,6,2,3020,48,474.7,788.8,347,161,10,0,12,52,MID,Wolves,85.7,
746,Hwang Hee-chan,3,2,1117,18,138.8,194,242,57.5,3,0,1,57,MID,Wolves,85.7,
747,Nélson Cabral Semedo,0,1,2633,43,226.5,443.4,79,74.4,8,1,11,50,DEF,Wolves,85.7,
748,Daniel Castelo Podence,6,1,1760,31,512.8,376,580,146.8,6,0,5,51,MID,Wolves,85.7,
749,Max Kilman,0,1,3307,56,66.9,739.8,106,91.6,11,0,3,43,DEF,Wolves,85.7,
750,Luke Cundle,0,0,0,0,0,0,0,0,0,0,0,44,MID,Wolves,85.7,
751,Pedro Lomba Neto,0,2,962,15,309.5,96.8,203,60.9,5,0,1,49,MID,Wolves,85.7,
752,Rayan Aït-Nouri,1,0,1067,18,130.5,195,156,48.3,4,0,4,41,DEF,Wolves,85.7,
753,Fabio Silva,0,0,0,0,0,0,0,0,0,0,0,55,FWD,Wolves,85.7,
754,Toti António Gomes,1,0,978,14,74.3,225.2,65,36.5,4,0,6,39,DEF,Wolves,85.7,
755,Francisco Jorge Tomás Oliveira,0,0,0,0,0,0,0,0,0,0,0,50,MID,Wolves,85.7,
756,Adama Traoré Diarra,2,4,1477,30,370,253.6,258,87.9,2,0,2,53,MID,Wolves,85.7,
757,Matija Šarkić,0,0,0,0,0,0,0,0,0,0,0,39,GK,Wolves,85.7,0
758,Yerson Mosquera Valdelamar,0,0,0,0,0,0,0,0,0,0,0,39,DEF,Wolves,85.7,0
759,João Filipe Iria Santos Moutinho,0,2,1773,28,537.7,309.8,142,99.2,6,0,3,46,MID,Wolves,85.7,
760,Nathan Collins,0,0,1811,37,37.9,419,29,48.9,4,1,2,42,DEF,Wolves,85.7,
761,Jackson Smith,0,0,0,0,0,0,0,0,0,0,0,39,GK,Wolves,85.7,0
762,Hugo Bueno López,0,1,1307,29,254.8,221.2,74,55.3,3,0,1,38,DEF,Wolves,85.7,
763,Joseph Hodge,0,0,172,5,16.2,14.4,26,5.7,0,0,1,43,MID,Wolves,85.7,
764,Connor Ronan,0,0,1,0,0.4,0.6,0,0.1,0,0,0,44,MID,Wolves,85.7,
765,Chem Campbell,0,0,68,2,3,5.6,16,2.4,0,0,0,44,MID,Wolves,85.7,
766,Gonçalo Manuel Ganchinho Guedes,1,1,703,12,139.6,89.4,223,45.1,2,0,1,58,MID,Wolves,85.7,
767,Matheus Luiz Nunes,1,1,2467,38,405,370.2,310,108.6,11,1,2,48,MID,Wolves,85.7,
768,Sasa Kalajdzic,0,0,45,0,0,0,9,0.7,0,0,0,53,FWD,Wolves,85.7,
769,Diego Da Silva Costa,1,0,1235,17,144.3,96.8,504,73.3,6,1,5,53,FWD,Wolves,85.7,
770,Boubacar Traoré,0,1,405,9,16.6,49.6,7,7.4,0,0,2,43,MID,Wolves,85.7,
771,Nathan Fraser,0,0,0,0,0,0,0,0,0,0,0,45,FWD,Wolves,85.7,
772,Harvey Griffiths,0,0,0,0,0,0,0,0,0,0,0,44,MID,Wolves,85.7,
773,Dexter Lembikisa,0,0,22,1,0.8,1.4,0,0.2,0,0,0,40,DEF,Wolves,85.7,
774,Matheus Santos Carneiro Da Cunha,2,0,961,12,95.1,143,217,45.1,5,0,1,53,FWD,Wolves,85.7,
775,Mario Lemina,0,1,1297,28,65,200.4,36,30.1,5,1,2,45,MID,Wolves,85.7,
776,Pablo Sarabia,1,0,764,9,184.7,92,157,43,3,0,3,49,MID,Wolves,85.7,
777,Daniel Bentley,0,0,180,3,0,70.2,0,7,0,0,0,40,GK,Wolves,85.7,10
778,João Victor Gomes da Silva,1,0,649,18,72,133,46,24.9,2,0,5,45,MID,Wolves,85.7,
